,date,title
0,2021-03-21,Весенняя серия. Игра первая. Овдеенко.
1,2021-03-28,Весенняя серия. Игра вторая. Белозёров.
2,2021-04-04,Весенняя серия. Игра третья. Козлов.
3,2021-04-11,Весенняя серия. Игра четвёртая. Касумов.
4,2021-04-18,Весенняя серия игр. Финал. Касумов
5,2021-05-23,Летняя серия. Игра первая. Локитиков.
6,2021-05-30,Летняя серия. Игра вторая. Повышева.
7,2021-06-06,Летняя серия. Игра третья. Сиднев.
8,2021-06-13,Летняя серия. Игра четвёртая. Мухин.
9,2021-06-20,Летняя серия. Финал. Мухин
10,2021-10-03,Осенняя серия. Игра первая. Потанина (специгра с людьми разных профессий)
11,2021-10-10,Осенняя серия. Игра вторая. Овдеенко (сборная команд Овдеенко и Белозёрова)
12,2021-10-17,Осенняя серия. Игра третья. Сиднев (сборная команд Сиднева и Повышевой)
13,2021-10-24,Осенняя серия. Игра четвёртая. Мухин.
14,2021-10-31,Осенняя серия. Финал. Козлов.
15,2021-11-28,Зимняя серия. Игра первая. Друзь (Хрустальные атомы).
16,2021-12-05,Зимняя серия. Игра вторая. Мухин.
17,2021-12-12,Зимняя серия. Игра третья. Касумов.
18,2021-12-19,Зимняя серия. Игра четвёртая. Козлов.
19,2021-12-26,Финал года. Козлов.
20,2020-03-22,Весенняя серия. Игра первая. Емелин («Дети XXI века»)
21,2020-03-29,Весенняя серия. Игра вторая. Козлов.
22,2020-04-05,Весенняя серия. Игра третья. Белозёров.
23,2020-04-12,Весенняя серия. Игра четвёртая. Сиднев.
24,2020-04-19,Весенняя серия. Финал. Галиакберов (команда Жаркевича)
25,2020-05-17,Летняя серия. Игра первая. Сиднев.
26,2020-05-24,Летняя серия. Игра вторая. Козлов.
27,2020-05-31,Летняя серия. Игра третья. Повышева (сборная команд Повышевой и Мухина).
28,2020-06-07,Летняя серия. Игра четвёртая. Скипский (команда Касумова).
29,2020-06-14,Летняя серия. Финал. Белозёров.
30,2020-09-27,Осенняя серия. Игра первая. Емелин.
31,2020-10-04,Осенняя серия. Игра вторая. Потанина (сборная команд Потаниной и Жаркевича).
32,2020-10-18,Осенняя серия. Игра третья. Повышева.
33,2020-10-25,Осенняя серия. Игра четвёртая. Мухин.
34,2020-11-01,Осенняя серия. Финал. Касумов.
35,2020-11-22,Зимняя серия. Игра первая. Сиднев и Белозёров (специгра «вприсядку» со знатоками 45+ и 15-).
36,2020-11-29,Зимняя серия. Игра вторая. Козлов.
37,2019-02-04,Зимняя серия. Игра третья. Повышева.
38,2019-02-11,Зимняя серия. Игра четвёртая. Крапиль (команда Мухина).
39,2019-02-18,Зимняя серия. Игра пятая. Касумов.
40,2019-03-10,Финал года. Мухин.
41,2019-02-04,"Серия ""Дети XXI века"". Игра первая. Савочкин."
42,2019-02-11,"Серия ""Дети XXI века"". Игра вторая. Боброва."
43,2019-02-18,"Серия ""Дети XXI века"". Игра третья. Емелин."
44,2019-03-10,Весенняя серия. Игра первая. Семёнова (супружеские пары)
45,2019-03-24,Весенняя серия. Игра вторая. Жаркевич.
46,2019-04-07,Весенняя серия. Игра третья. Колов.
47,2019-04-14,Весенняя серия. Игра четвёртая. Белозёров
48,2019-04-21,Весенняя серия. Финал. Касумов. (500-я игра Клуба!)
49,2019-06-02,Летняя серия. Игра первая. Сиднев.
50,2019-06-09,Летняя серия. Игра вторая. Потанина.
51,2019-06-16,Летняя серия. Игра третья. Рудер.
52,2019-06-23,Летняя серия. Игра четвёртая. Повышева
53,2019-06-30,Летняя серия. Финал. Мухин.
54,2019-09-28,Осенняя серия. Игра первая. Рудер.
55,2019-10-05,Осенняя серия. Игра вторая. Сиднев.
56,2019-10-19,Осенняя серия. Игра третья. Жаркевич.
57,2019-11-02,Осенняя серия. Игра четвёртая. Потанина.
58,2019-11-10,Осенняя серия. Финал. Белозёров.
59,2019-12-01,Зимняя серия. Игра первая. Поташев (Хрустальные атомы).
60,2019-12-09,Зимняя серия. Игра вторая. Касумов
61,2021-11-16,Зимняя серия. Игра третья. Мухин.
62,2019-12-23,Зимняя серия. Игра четвёртая. Жаркевич.
63,2019-12-30,Финал года. Жаркевич.
64,2018-01-22,"Серия ""Дети XXI века"". Игра первая. Емелин."
65,2018-02-05,"Серия ""Дети XXI века"". Игра вторая. Постнова."
66,2018-02-12,"Серия ""Дети XXI века"". Игра третья. Савочкин."
67,2018-03-05,"Весенняя серия. Игра первая. Мартиросян (Звёзды ""КВН"")"
68,2018-03-11,Весенняя серия. Игра вторая. Потанина.
69,2018-03-25,Весенняя серия. Игра третья. Рудер.
70,2018-04-08,Весенняя серия. Игра четвёртая. Белозёров.
71,2018-04-15,Весенняя серия. Финал. Сиднев.
72,2018-05-20,Летняя серия. Игра первая. Жаркевич.
73,2018-06-03,Летняя серия. Игра вторая. Мухин.
74,2018-06-10,Летняя серия. Игра третья. Алексеев.
75,2018-06-17,Летняя серия. Игра четвёртая. Повышева.
76,2018-06-24,Летняя серия. Финал. Касумов.
77,2018-09-16,Осенняя серия. Игра первая. Алексеев.
78,2018-09-23,Осенняя серия. Игра вторая. Сиднев.
79,2018-09-30,Осенняя серия. Игра третья. Мухин.
80,2018-10-07,Осенняя серия. Игра четвёртая. Рудер.
81,2018-10-28,Осенняя серия. Финал. Повышева.
82,2018-11-19,Зимняя серия. Игра первая. Сиднев (Хрустальные атомы).
83,2018-12-03,Зимняя серия. Игра вторая. Мухин.
84,2021-12-10,Зимняя серия. Игра третья. Белозёров.
85,2021-12-17,Зимняя серия. Игра четвёртая. Касумов
86,2021-12-24,Финал года. Касумов.
87,2017-03-19,Весенняя серия. Игра первая. Емелин (школьники).
88,2017-04-02,Весенняя серия. Игра вторая. Потанина.
89,2017-04-09,Весенняя серия. Игра третья. Белозёров.
90,2017-04-23,Весенняя серия. Игра четвёртая. Повышева.
91,2017-04-30,Весенняя серия. Финал. Касумов.
92,2017-05-28,Летняя серия. Игра первая. Мухин.
93,2017-06-12,Летняя серия. Игра вторая. Алексеев.
94,2017-06-18,Летняя серия. Игра третья. Козлов.
95,2017-06-25,Летняя серия. Игра четвертая. Сиднев.
96,2017-07-02,Летняя серия. Финал. Аскеров.
97,2017-09-17,Осенняя серия. Игра первая. Козлов.
98,2017-09-24,Осенняя серия. Игра вторая. Повышева.
99,2017-10-08,Осенняя серия. Игра третья. Аскеров.
100,2017-10-15,Осенняя серия. Игра четвёртая. Алексеев.
101,2017-10-29,Осенняя серия. Финал. Белозёров.
102,2017-11-20,"Зимняя серия. Игра первая. Потанина, Аскеров."
103,2017-11-27,Зимняя серия. Игра вторая. Касумов.
104,2017-12-11,Зимняя серия. Игра третья. Сиднев.
105,2017-12-18,Зимняя серия. Игра четвёртая. Белозёров.
106,2017-12-25,Финал года. Сиднев.
107,2016-03-27,Весенняя серия. Игра первая. Аскеров.
108,2016-04-03,Весенняя серия. Игра вторая. Потанина.
109,2016-04-10,Весенняя серия. Игра третья. Козлов.
110,2016-04-17,Весенняя серия. Игра четвёртая. Сиднев.
111,2016-04-24,Весенняя серия. Финал. Касумов.
112,2016-05-15,Летняя серия. Игра первая. Алексеев.
113,2016-05-22,Летняя серия. Игра вторая. Слуцкий (футболисты).
114,2016-05-29,Летняя серия. Игра третья. Белозёров.
115,2016-06-05,Летняя серия. Игра четвёртая. Рудер.
116,2016-06-19,Летняя серия. Финал. Повышева.
117,2016-09-25,Осенняя серия. Игра первая. Козлов.
118,2016-10-02,Осенняя серия. Игра вторая. Рудер.
119,2016-10-09,Осенняя серия. Игра третья. Повышева.
120,2016-10-16,Осенняя серия. Игра четвёртая. Аскеров.
121,2016-10-23,Осенняя серия. Финал. Сиднев.
122,2016-11-21,Зимняя серия. Игра первая. Александрова (Хрустальные атомы).
123,2016-11-28,Зимняя серия. Игра вторая. Сиднев.
124,2016-12-12,Зимняя серия. Игра третья. Белозёров.
125,2016-12-19,Зимняя серия. Игра четвертая. Касумов.
126,2017-01-03,Финал года. Касумов.
127,2015-03-21,Весенняя серия. Игра первая. Козлов.
128,2015-03-28,Весенняя серия. Игра вторая. Рудер.
129,2015-04-04,Весенняя серия. Игра третья. Касумов.
130,2015-04-18,Весенняя серия. Игра четвертая. Сиднев.
131,2015-04-25,Весенняя серия. Финал. Мухин.
132,2015-05-31,Летняя серия. Игра первая. Потанина.
133,2015-06-07,Летняя серия. Игра вторая. Супранович.
134,2015-06-14,Летняя серия. Игра третья. Белозёров.
135,2015-06-21,Летняя серия. Игра четвёртая. Повышева.
136,2015-06-28,Летняя серия. Финал. Сиднев.
137,2015-09-26,Осенняя серия. Игра первая. Алексеев.
138,2015-10-03,Осенняя серия. Игра вторая. Повышева.
139,2015-10-10,Осенняя серия. Игра третья. Козлов.
140,2015-10-17,Осенняя серия. Игра четвёртая. Рудер.
141,2015-10-24,Осенняя серия. Финал. Касумов.
142,2015-11-29,Зимняя серия. Игра первая. Барщевские и Потанина.
143,2015-12-06,Зимняя серия. Игра вторая. Сиднев и Мухин.
144,2015-12-13,Зимняя серия. Игра третья. Повышева.
145,2015-12-20,Зимняя серия. Игра четвертая. Касумов.
146,2015-12-27,Финал года. Касумов.
147,2014-03-23,Весенняя серия. Игра первая.
148,2014-03-30,Весенняя серия. Игра вторая.
149,2014-04-06,Весенняя серия. Игра третья.
150,2014-04-13,Весенняя серия. Финал.
151,2014-05-18,Летняя серия. Игра первая.
152,2014-05-25,Летняя серия. Игра вторая.
153,2014-06-01,Летняя серия. Игра третья.
154,2014-06-08,Летняя серия. Финал.
155,2014-09-08,Осенняя серия. Игра первая.
156,2014-09-14,Осенняя серия. Игра вторая.
157,2014-09-21,Осенняя серия. Игра третья.
158,2014-09-28,Осенняя серия. Финал.
159,2014-11-30,Зимняя серия. Игра первая.
160,2014-12-07,Зимняя серия. Игра вторая.
161,2014-12-14,Зимняя серия. Игра третья.
162,2014-12-21,Зимняя серия. Игра четвертая.
163,2014-12-28,Финал года
164,2013-04-07,Весенняя серия. Игра первая.
165,2013-04-14,Весенняя серия. Игра вторая.
166,2013-04-21,Весенняя серия. Игра третья.
167,2013-04-28,Весенняя серия. Игра четвёртая.
168,2013-05-26,Летняя серия. Игра первая.
169,2013-06-02,Летняя серия. Игра вторая.
170,2013-06-09,Летняя серия. Игра третья.
171,2013-06-16,Летняя серия. Финал.
172,2013-10-13,Осенняя серия. Игра первая.
173,2013-10-20,Осенняя серия. Игра вторая.
174,2013-10-27,Осенняя серия. Игра третья.
175,2013-11-03,Осенняя серия. Финал.
176,2013-12-01,Зимняя серия. Игра первая.
177,2013-12-08,Зимняя серия. Игра вторая.
178,2013-12-15,Зимняя серия. Игра третья.
179,2013-12-22,Зимняя серия. Игра четвёртая.
180,2013-12-29,Финал года
181,2012-03-18,Весенняя серия. Игра первая.
182,2012-03-25,Весенняя серия. Игра вторая.
183,2012-04-01,Весенняя серия. Игра третья.
184,2012-04-08,Весенняя серия. Финал.
185,2012-05-13,Летняя серия. Игра первая.
186,2012-05-20,Летняя серия. Игра вторая.
187,2012-05-27,Летняя серия. Игра третья.
188,2012-06-03,Летняя серия. Финал.
189,2012-10-07,Осенняя серия. Игра первая.
190,2012-10-14,Осенняя серия. Игра вторая.
191,2012-10-21,Осенняя серия. Игра третья.
192,2012-10-28,Осенняя серия. Финал.
193,2012-11-25,Зимняя серия. Игра первая.
194,2012-12-02,Зимняя серия. Игра вторая.
195,2012-12-09,Зимняя серия. Игра третья.
196,2012-12-16,Зимняя серия. Игра четвёртая.
197,2012-12-21,Финал года
198,2011-03-26,Весенняя серия. Игра первая.
199,2011-04-03,Весенняя серия. Игра вторая.
200,2011-04-10,Весенняя серия. Игра третья.
201,2011-04-17,Весенняя серия. Финал.
202,2011-06-05,Летняя серия. Игра первая.
203,2011-06-12,Летняя серия. Игра вторая.
204,2011-06-19,Летняя серия. Игра третья.
205,2011-06-26,Летняя серия. Игра четвёртая.
206,2011-10-02,Осенняя серия. Игра первая.
207,2011-10-09,Осенняя серия. Игра вторая.
208,2011-10-16,Осенняя серия. Игра третья.
209,2011-10-23,Осенняя серия. Финал.
210,2011-11-27,Зимняя серия. Игра первая.
211,2011-12-04,Зимняя серия. Игра вторая.
212,2011-12-11,Зимняя серия. Игра третья.
213,2011-12-18,Зимняя серия. Игра четвёртая.
214,2011-12-24,Финал года
215,2010-03-27,Весенняя серия. Игра первая.
216,2010-04-03,Весенняя серия. Игра вторая.
217,2010-04-11,Весенняя серия. Игра третья.
218,2010-04-18,Весенняя серия. Игра четвёртая.
219,2010-05-16,Летняя серия. Игра первая.
220,2010-05-23,Летняя серия. Игра вторая.
221,2010-05-30,Летняя серия. Игра третья.
222,2010-06-06,Летняя серия. Игра четвёртая.
223,2010-10-10,Осенняя серия. Игра первая.
224,2010-10-17,Осенняя серия. Игра вторая.
225,2010-10-24,Осенняя серия. Игра третья.
226,2010-10-31,Осенняя серия. Игра четвёртая.
227,2010-11-28,Зимняя серия. Игра первая.
228,2010-12-05,Зимняя серия. Игра вторая.
229,2010-12-12,Зимняя серия. Игра третья.
230,2010-12-19,Зимняя серия. Игра четвёртая.
231,2010-12-26,Финал года
232,2009-04-05,Весенняя серия. Игра первая.
233,2009-04-12,Весенняя серия. Игра вторая.
234,2009-04-20,Весенняя серия. Игра третья.
235,2009-04-27,Весенняя серия. Финал.
236,2009-05-24,Летняя серия. Игра первая.
237,2009-05-31,Летняя серия. Игра вторая.
238,2009-06-07,Летняя серия. Игра третья.
239,2009-06-14,Летняя серия. Финал.
240,2009-10-04,Осенняя серия. Игра первая.
241,2009-10-11,Осенняя серия. Игра вторая.
242,2009-10-18,Осенняя серия. Игра третья.
243,2009-10-25,Осенняя серия. Финал.
244,2009-11-29,Зимняя серия. Игра первая.
245,2009-12-06,Зимняя серия. Игра первая.
246,2009-12-13,Зимняя серия. Игра первая.
247,2009-12-20,Зимняя серия. Финал.
248,2009-12-27,Финал года.
249,2008-04-06,Весенняя серия. Игра первая.
250,2008-04-12,Весенняя серия. Игра вторая.
251,2008-04-20,Весенняя серия. Игра третья.
252,2008-04-28,Весенняя серия. Финал.
253,2008-05-18,Летняя серия. Игра первая.
254,2008-05-25,Летняя серия. Игра вторая.
255,2008-06-01,Летняя серия. Игра третья.
256,2008-06-09,Летняя серия. Финал.
257,2008-10-05,Осенняя серия. Игра первая.
258,2008-10-11,Осенняя серия. Игра вторая.
259,2008-10-19,Осенняя серия. Игра третья.
260,2008-10-26,Осенняя серия. Финал.
261,2008-11-30,Зимняя серия. Игра первая.
262,2008-12-07,Зимняя серия. Игра первая.
263,2008-12-14,Зимняя серия. Игра первая.
264,2008-12-21,Зимняя серия. Финал.
265,2008-12-28,Финал
266,2007-03-31,Весенняя серия. Игра первая.
267,2007-04-07,Весенняя серия. Игра вторая.
268,2007-04-14,Весенняя серия. Игра третья.
269,2007-04-22,Весенняя серия. Финал.
270,2007-05-19,Летняя серия. Игра первая.
271,2007-05-26,Летняя серия. Игра вторая.
272,2007-06-02,Летняя серия. Игра третья.
273,2007-06-10,Летняя серия. Финал.
274,2007-10-13,Осенняя серия. Игра первая.
275,2007-10-20,Осенняя серия. Игра вторая.
276,2007-10-27,Осенняя серия. Игра третья.
277,2007-11-03,Осенняя серия. Финал.
278,2007-12-02,Зимняя серия. Игра первая.
279,2007-12-09,Зимняя серия. Игра вторая.
280,2007-12-16,Зимняя серия. Игра третья.
281,2007-12-23,Зимняя серия. Игра четвёрая.
282,2007-12-31,Зимняя серия. Финал.
283,2006-04-09,Весенняя серия. Игра первая.
284,2006-04-16,Весенняя серия. Игра вторая.
285,2006-04-22,Весенняя серия. Игра третья.
286,2006-04-30,Весенняя серия. Игра четвёртая.
287,2006-06-04,Летняя серия. Игра первая.
288,2006-06-11,Летняя серия. Игра вторая.
289,2006-06-18,Летняя серия. Игра третья.
290,2006-06-26,Летняя серия. Финал.
291,2006-10-14,Осенняя серия. Игра первая.
292,2006-10-21,Осенняя серия. Игра вторая.
293,2006-10-28,Осенняя серия. Игра третья.
294,2006-11-05,Осенняя серия. Финал.
295,2006-12-02,Зимняя серия. Игра первая.
296,2006-12-09,Зимняя серия. Игра вторая.
297,2006-12-16,Зимняя серия. Игра третья.
298,2006-12-23,Зимняя серия. Игра четвёртая.
299,2006-12-30,Зимняя серия. Финал.
300,2005-03-11,Весенняя серия. Игра первая
301,2005-03-18,Весенняя серия. Игра вторая
302,2005-03-25,Весенняя серия. Игра третья
303,2005-04-01,Команда звезд Первого канала в финальной игре весенней серии
304,2005-05-14,Летняя серия. Игра первая
305,2005-05-20,Летняя серия. Игра вторая
306,2005-05-27,Летняя серия. Игра третья
307,2005-06-03,Финал летних игр
308,2005-10-29,Осенняя серия. Игра первая
309,2005-11-05,Осенняя серия. Игра вторая
310,2005-11-12,Осенняя серия. Игра третья
311,2005-11-19,Осенняя серия. Игра четвертая
312,2005-11-26,Осенняя серия. Финал
313,2005-12-03,Зимняя серия. Игра первая
314,2005-12-10,Зимняя серия. Игра вторая
315,2005-12-17,Зимняя серия. Игра третья
316,2005-12-24,Финальная игра года
317,2004-03-06,Весенняя серия. Игра первая.
318,2004-03-13,Весенняя серия. Игра вторая.
319,2004-03-20,Весенняя серия. Игра третья.
320,2004-03-27,Весенняя серия. Финал.
321,2004-05-15,Летняя серия. Игра первая.
322,2004-05-22,Летняя серия. Игра вторая.
323,2004-05-29,Летняя серия. Игра третья.
324,2004-06-05,Летняя серия. Финал.
325,2004-10-09,Осенняя серия. Игра первая.
326,2004-10-16,Осенняя серия. Игра вторая.
327,2004-10-23,Осенняя серия. Игра третья.
328,2004-10-30,Осенняя серия. Финал.
329,2004-11-27,Зимняя серия. Игра первая.
330,2004-12-04,Зимняя серия. Игра вторая.
331,2004-12-11,Зимняя серия. Игра третья.
332,2004-12-18,Зимняя серия. Финал.
333,2004-12-26,Финал года
334,2003-03-16,Весенняя серия. Игра первая
335,2003-03-23,Весенняя серия. Игра вторая
336,2003-03-30,Весенняя серия. Игра третья
337,2003-04-06,Весенняя серия. Финал
338,2003-05-18,Летняя серия. Игра первая
339,2003-05-25,Летняя серия. Игра вторая
340,2003-06-01,Летняя серия. Игра третья
341,2003-06-07,Летняя серия. Финал
342,2003-10-04,Осенняя серия. Игра первая
343,2003-10-11,Осенняя серия. Игра вторая
344,2003-10-18,Осенняя серия. Игра третья
345,2003-10-26,Осенняя серия. Финал
346,2003-11-29,Зимняя серия. Игра первая
347,2003-12-06,Зимняя серия. Игра вторая
348,2003-12-12,Зимняя серия. Игра третья
349,2003-12-20,Зимняя серия. Финал
350,2003-12-27,Финал года
351,2002-03-16,Осенняя игра. Игра первая
352,2002-03-23,Осенняя игра. Игра вторая
353,2002-03-30,Осенняя игра. Игра третья
354,2002-04-06,Осенняя игра. Финал
355,2002-05-19,Летняя игра. Игра первая
356,2002-05-26,Летняя игра. Игра вторая
357,2002-06-02,Летняя игра. Игра третья
358,2002-06-09,Летняя игра. Финал
359,2002-09-29,Осенняя серия. Игра первая
360,2002-10-06,Осенняя серия. Игра вторая
361,2002-10-13,Осенняя серия. Игра третья
362,2002-10-20,Осенняя серия. Финал
363,2002-12-01,Зимняя серия. Игра первая
364,2002-12-08,Зимняя серия. Игра вторая
365,2002-12-14,Зимняя серия. Игра третья
366,2002-12-22,Зимняя серия. Финал
367,2002-12-29,Финал года
368,2001-05-20,Серия памяти Владимира Ворошилова. Игра первая.
369,2001-05-27,Серия памяти Владимира Ворошилова. Игра вторая.
370,2001-06-03,Серия памяти Владимира Ворошилова. Игра третья.
371,2001-06-10,Серия памяти Владимира Ворошилова. Финал.
372,2001-12-02,Зимняя серия. Игра первая.
373,2001-12-09,Зимняя серия. Игра вторая.
374,2001-12-16,Зимняя серия. Игра третья.
375,2001-12-23,Зимняя серия. Игра четвёрая.
376,2001-12-30,Зимняя серия. Финал.
377,2000-09-11,Экспериментальная серия. Игра первая.
378,2000-09-18,Экспериментальная серия. Игра вторая.
379,2000-09-25,Экспериментальная серия. Игра третья.
380,2000-10-02,Экспериментальная серия. Финал.
381,2000-11-26,Юбилейный игры. Игра первая.
382,2000-12-03,Юбилейный игры. Игра вторая.
383,2000-12-10,Юбилейный игры. Игра третья.
384,2000-12-17,Юбилейный игры. Игра четвёртая.
385,2000-12-24,Юбилейный игры. Игра пятая.
386,2000-12-31,Юбилейный игры. Финал.
387,1999-12-29,Рождественская серия. Игра первая.
388,1999-12-30,Рождественская серия. Игра вторая.
389,2000-01-05,Рождественская серия. Игра третья.
390,2000-01-06,Рождественская серия. Игра четвёртая.
391,2000-01-12,Рождественская серия. Игра пятая.
392,2000-01-13,Рождественская серия. Финал.
393,1996-05-24,Летняя серия. Игра первая.
394,1996-05-31,Летняя серия. Игра вторая.
395,1996-06-07,Летняя серия. Игра третья.
396,1996-06-14,Летняя серия. Игра четвёртая.
397,1996-06-21,Летняя серия. Игра пятая.
398,1996-06-28,Летняя серия. Финал.
399,1996-11-22,Зимняя серия. Игра первая.
400,1996-11-29,Летняя Зимняя серия. Игра вторая.
401,1996-12-06,Зимняя серия. Игра третья.
402,1996-12-13,Зимняя серия. Игра четвёртая.
403,1996-12-20,Зимняя серия. Игра пятая.
404,1996-12-27,Зимняя серия. Финал.
405,1996-05-25,Летняя серия. Игра первая.
406,1996-06-01,Летняя серия. Игра вторая.
407,1996-06-08,Летняя серия. Игра третья.
408,1996-06-15,Летняя серия. Игра четвёртая.
409,1996-06-22,Летняя серия. Игра пятая.
410,1996-06-29,Зимняя серия. Финал.
411,1996-11-23,Зимняя серия. Игра первая.
412,1996-11-30,Зимняя серия. Игра вторая.
413,1996-12-07,Зимняя серия. Игра третья.
414,1996-12-14,Зимняя серия. Игра четвёртая.
415,1996-12-21,Зимняя серия. Игра пятая.
416,1996-12-28,Зимняя серия. Финал.
417,1996-05-26,Летняя серия. Игра первая.
418,1996-06-02,Летняя серия. Игра вторая.
419,1996-06-09,Летняя серия. Игра третья.
420,1996-06-16,Летняя серия. Игра четвёртая.
421,1996-06-23,Летняя серия. Игра пятая.
422,1996-06-30,Летняя серия. Финал.
423,1996-11-24,Зимняя серия. Игра первая.
424,1996-12-01,Зимняя серия. Игра вторая.
425,1996-12-08,Зимняя серия. Игра третья.
426,1996-12-15,Зимняя серия. Игра четвёртая.
427,1996-12-23,Зимняя серия. Игра пятая.
428,1996-12-30,Зимняя серия. Финал.
429,1995-05-21,Летняя серия. Игра первая.
430,1995-05-28,Летняя серия. Игра вторая.
431,1995-06-04,Летняя серия. Игра третья.
432,1995-06-11,Летняя серия. Игра четвёртая.
433,1995-06-18,Летняя серия. Игра пятая.
434,1995-06-25,Летняя серия. Финал.
435,1995-11-26,Зимняя серия. Игра первая.
436,1995-12-03,Зимняя серия. Игра вторая.
437,1995-12-10,Зимняя серия. Игра третья.
438,1995-12-17,Зимняя серия. Игра четвёртая.
439,1995-12-24,Зимняя серия. Игра пятая.
440,1995-12-31,Зимняя серия. Финал.
441,1994-05-22,Летняя серия. Игра первая.
442,1994-05-29,Летняя серия. Игра вторая.
443,1994-06-05,Летняя серия. Игра третья.
444,1994-06-12,Летняя серия. Игра четвёртая.
445,1994-06-19,Летняя серия. Игра пятая.
446,1994-06-26,Летняя серия. Финал.
447,1994-11-27,Зимняя серия. Игра первая.
448,1994-12-04,Зимняя серия. Игра вторая.
449,1994-12-11,Зимняя серия. Игра третья.
450,1994-12-18,Зимняя серия. Игра четвёртая.
451,1994-12-25,Зимняя серия. Игра пятая.
452,1995-01-01,Матч-реванш
453,1993-06-06,Летняя серия. Игра первая.
454,1993-06-13,Летняя серия. Игра вторая.
455,1993-06-20,Летняя серия. Игра третья.
456,1993-06-27,Летняя серия. Игра четвёртая.
457,1993-07-04,Летняя серия. Финал.
458,1993-11-21,Зимняя серия. Игра первая.
459,1993-11-28,Зимняя серия. Игра вторая.
460,1993-12-05,Зимняя серия. Игра третья.
461,1993-12-12,Зимняя серия. Игра четвёртая.
462,1993-12-19,Зимняя серия. Игра пятая.
463,1993-12-26,Зимняя серия. Финал.
464,1992-06-07,Летняя серия. Игра первая.
465,1992-06-14,Летняя серия. Игра вторая.
466,1992-06-21,Летняя серия. Игра третья.
467,1992-06-28,Летняя серия. Игра четвёртая.
468,1992-12-06,Зимняя серия. Игра первая.
469,1992-12-13,Зимняя серия. Игра вторая.
470,1992-12-20,Зимняя серия. Игра третья.
471,1992-12-27,Зимняя серия. Игра четвёртая.
472,1991-06-09,Летняя серия. Игра первая.
473,1991-06-16,Летняя серия. Игра вторая.
474,1991-06-23,Летняя серия. Игра третья.
475,1991-06-30,Летняя серия. Игра четвёртая.
476,1991-12-08,Зимняя серия. Игра первая.
477,1991-12-14,Зимняя серия. Игра вторая.
478,1991-12-21,Зимняя серия. Игра третья.
479,1991-12-28,Зимняя серия. Игра четвёртая.
480,1990-12-09,Зимние игры. Игра первая.
481,1990-12-16,Зимние игры. Игра вторая.
482,1990-12-23,Зимние игры. Игра третья.
483,1990-12-30,Зимние игры. Игра четвёртая.
484,1989-09-17,Игра первая
485,1989-10-14,Игра вторая
486,1989-11-19,Игра третья
487,1989-12-31,Финальная игра года
488,1988-05-07,Международная серия. Первая отборочная игра
489,1988-06-19,Международная серия. Вторая отборочная игра.
490,1988-07-24,Международная серия. Третья отборочная игра.
491,1988-10-02,Международная серия. Четвертая отборочная игра.
492,1988-11-14,Международная серия. Пятая отборочная игра.
493,1988-12-30,Международная серия. Финальная игра.
494,1987-11-14,Международная серия. Первая игра.
495,1987-11-15,Международная серия. Вторая игра.
496,1987-11-16,Международная серия. Финал.
497,1986-04-12,Игра первая
498,1986-05-17,Игра вторая
499,1986-06-15,Игра третья
500,1986-10-24,Игра четвёртая
501,1986-11-29,Игра пятая
502,1986-12-27,Игра шестая
503,1985-09-29,Игра первая
504,1985-10-26,Игра вторая
505,1985-12-01,Игра третья
506,1985-12-29,Игра четвёртая
507,1984-04-25,Матч-реванш за возвращение в клуб
508,1984-05-30,Игра вторая
509,1984-08-01,Игра третья
510,1984-10-31,Игра четвёртая
511,1984-12-01,Игра пятая
512,1984-12-30,Игра шестая
513,1983-06-29,Игра первая
514,1983-08-12,Игра вторая
515,1983-09-14,Игра третья
516,1983-10-18,Игра четвёртая
517,1983-12-07,Игра пятая
518,1983-12-30,Игра шестая
519,1982-02-10,Игра первая
520,1982-03-12,Игра вторая
521,1982-04-21,Игра третья
522,1982-06-01,Игра четвёртая
523,1982-07-02,Игра пятая
524,1982-09-02,Игра шестая
525,1982-12-02,Игра седьмая
526,1982-12-29,Игра восьмая
527,1981-03-25,Игра певая
528,1981-05-21,Игра вторая
529,1981-06-25,Игра третья
530,1981-07-16,Игра четвёртая
531,1981-09-03,Игра пятая
532,1980-01-31,Игра первая
533,1980-02-28,Игра вторая
534,1980-04-10,Игра третья
535,1980-04-24,Игра четвёртая
536,1980-06-05,Игра пятая
537,1980-07-08,Игра шестая
538,1980-08-20,Игра седьмая
539,1980-10-03,Игра восьмая
540,1980-11-14,Игра девятая
541,1980-11-28,Игра десятая
542,1980-12-26,Игра одиннадцатая
543,1979-01-25,Январская игра
544,1979-03-20,Мартовская игра
545,1979-04-10,Апрельская игра
546,1979-06-14,Июньская игра
547,1979-08-09,Августовская игра
548,1979-09-17,Сентябрьская игра
549,1979-10-25,Октябрьская игра
550,1979-11-15,Ноябрьская игра
551,1978-01-14,Январская игра
552,1978-12-02,Декабрьская игра
553,1977-12-24,Декабрьская игра
554,1976-04-24,Игра со студентами МГУ
555,1975-09-04,Семейная викторина „Что? Где? Когда?“
556,2002-03-16,Владимир Ворошилов: «Игра — это репетиция жизни». Фильм.
557,2015-11-29,"«До первого крика совы» - док. фильм к 40-летию игры ""Что? Где? Когда?"""
558,2016-12-18,Прямая линия с Наталией Стеценко. Ответы на вопросы телезрителей.
